{
  "total_frames": 17,
  "frames_with_obstacles": 8,
  "total_obstacles": 86,
  "metrics": {
    "precision": 0.87,
    "recall": 0.92,
    "f1_score": 0.8943016759776536,
    "detection_rate": 0.92
  },
  "directions": {
    "CENTER": 37,
    "FAR_LEFT": 15,
    "FAR_RIGHT": 9,
    "LEFT": 11,
    "RIGHT": 14
  },
  "proximities": {
    "CLEAR": 76,
    "NEAR": 2,
    "FAR": 7,
    "MID": 1
  },
  "distance_stats": {
    "min": 0.84,
    "max": 10.0,
    "mean": 8.13139534883721,
    "median": 10.0,
    "std": 2.6594395994709448
  },
  "latency_stats": {
    "min": 627.6280879974365,
    "max": 1554.4326305389404,
    "mean": 912.26424890406,
    "median": 837.4652862548828,
    "status": "OFFLINE"
  }
}